success,predicted_entities,elapsed_time,model,prompt_strategy,delimiter,file,source text,precision,recall,f1,tp,fp,fn,gt_entities,fp_entities,fn_entities
True,"[{'text': 'Anna', 'type': 'person', 'start_pos': -1, 'end_pos': -1, 'confidence': '', 'reason': ''}, {'text': 'John Doe', 'type': 'person', 'start_pos': -1, 'end_pos': -1, 'confidence': '', 'reason': ''}, {'text': '123 Main St', 'type': 'location', 'start_pos': -1, 'end_pos': -1, 'confidence': '', 'reason': ''}, {'text': 'New York City', 'type': 'location', 'start_pos': -1, 'end_pos': -1, 'confidence': '', 'reason': ''}, {'text': '(555) 123-4567', 'type': 'phone', 'start_pos': -1, 'end_pos': -1, 'confidence': '', 'reason': ''}, {'text': 'contact@privacy.com', 'type': 'email', 'start_pos': -1, 'end_pos': -1, 'confidence': '', 'reason': ''}, {'text': 'http://example.com', 'type': 'web_resource', 'start_pos': -1, 'end_pos': -1, 'confidence': '', 'reason': ''}, {'text': 'Anna', 'type': 'person', 'start_pos': -1, 'end_pos': -1, 'confidence': '', 'reason': ''}, {'text': 'John Doe', 'type': 'person', 'start_pos': -1, 'end_pos': -1, 'confidence': '', 'reason': ''}, {'text': '123 Main St', 'type': 'location', 'start_pos': -1, 'end_pos': -1, 'confidence': '', 'reason': ''}, {'text': 'New York City', 'type': 'location', 'start_pos': -1, 'end_pos': -1, 'confidence': '', 'reason': ''}, {'text': '(555) 123-4567', 'type': 'phone', 'start_pos': -1, 'end_pos': -1, 'confidence': '', 'reason': ''}, {'text': 'contact@privacy.com', 'type': 'email', 'start_pos': -1, 'end_pos': -1, 'confidence': '', 'reason': ''}, {'text': 'http://example.com', 'type': 'web_resource', 'start_pos': -1, 'end_pos': -1, 'confidence': '', 'reason': ''}, {'text': 'Anna', 'type': 'person', 'start_pos': -1, 'end_pos': -1, 'confidence': '', 'reason': ''}, {'text': 'John Doe', 'type': 'person', 'start_pos': -1, 'end_pos': -1, 'confidence': '', 'reason': ''}, {'text': '123 Main St', 'type': 'location', 'start_pos': -1, 'end_pos': -1, 'confidence': '', 'reason': ''}, {'text': 'New York City', 'type': 'location', 'start_pos': -1, 'end_pos': -1, 'confidence': '', 'reason': ''}, {'text': '(555) 123-4567', 'type': 'phone', 'start_pos': -1, 'end_pos': -1, 'confidence': '', 'reason': ''}, {'text': 'contact@privacy.com', 'type': 'email', 'start_pos': -1, 'end_pos': -1, 'confidence': '', 'reason': ''}, {'text': 'http://example.com', 'type': 'web_resource', 'start_pos': -1, 'end_pos': -1, 'confidence': '', 'reason': ''}, {'text': 'Anna', 'type': 'person', 'start_pos': -1, 'end_pos': -1, 'confidence': '', 'reason': ''}, {'text': 'Bob', 'type': 'person', 'start_pos': -1, 'end_pos': -1, 'confidence': '', 'reason': ''}, {'text': '123 Main St', 'type': 'location', 'start_pos': -1, 'end_pos': -1, 'confidence': '', 'reason': ''}, {'text': 'New York City', 'type': 'location', 'start_pos': -1, 'end_pos': -1, 'confidence': '', 'reason': ''}, {'text': '(555) 123-4567', 'type': 'phone', 'start_pos': -1, 'end_pos': -1, 'confidence': '', 'reason': ''}, {'text': 'anna@example.com', 'type': 'email', 'start_pos': -1, 'end_pos': -1, 'confidence': '', 'reason': ''}, {'text': 'http://example.com', 'type': 'web_resource', 'start_pos': -1, 'end_pos': -1, 'confidence': '', 'reason': ''}, {'text': 'Anna', 'type': 'person', 'start_pos': -1, 'end_pos': -1, 'confidence': '', 'reason': ''}, {'text': 'John Doe', 'type': 'person', 'start_pos': -1, 'end_pos': -1, 'confidence': '', 'reason': ''}, {'text': '123 Main St', 'type': 'location', 'start_pos': -1, 'end_pos': -1, 'confidence': '', 'reason': ''}, {'text': 'New York City', 'type': 'location', 'start_pos': -1, 'end_pos': -1, 'confidence': '', 'reason': ''}, {'text': '(555) 123-4567', 'type': 'phone', 'start_pos': -1, 'end_pos': -1, 'confidence': '', 'reason': ''}, {'text': 'contact@privacy.com', 'type': 'email', 'start_pos': -1, 'end_pos': -1, 'confidence': '', 'reason': ''}, {'text': 'http://example.com', 'type': 'web_resource', 'start_pos': -1, 'end_pos': -1, 'confidence': '', 'reason': ''}, {'text': 'Anna', 'type': 'person', 'start_pos': -1, 'end_pos': -1, 'confidence': '', 'reason': ''}, {'text': 'John Doe', 'type': 'person', 'start_pos': -1, 'end_pos': -1, 'confidence': '', 'reason': ''}, {'text': '123 Main St', 'type': 'location', 'start_pos': -1, 'end_pos': -1, 'confidence': '', 'reason': ''}, {'text': 'New York City', 'type': 'location', 'start_pos': -1, 'end_pos': -1, 'confidence': '', 'reason': ''}, {'text': '(555) 123-4567', 'type': 'phone', 'start_pos': -1, 'end_pos': -1, 'confidence': '', 'reason': ''}, {'text': 'contact@privacy.com', 'type': 'email', 'start_pos': -1, 'end_pos': -1, 'confidence': '', 'reason': ''}, {'text': 'http://example.com', 'type': 'web_resource', 'start_pos': -1, 'end_pos': -1, 'confidence': '', 'reason': ''}, {'text': 'Anna', 'type': 'person', 'start_pos': -1, 'end_pos': -1, 'confidence': '', 'reason': ''}, {'text': 'John Doe', 'type': 'person', 'start_pos': -1, 'end_pos': -1, 'confidence': '', 'reason': ''}, {'text': '123 Main St', 'type': 'location', 'start_pos': -1, 'end_pos': -1, 'confidence': '', 'reason': ''}, {'text': 'New York City', 'type': 'location', 'start_pos': -1, 'end_pos': -1, 'confidence': '', 'reason': ''}, {'text': '(555) 123-4567', 'type': 'phone', 'start_pos': -1, 'end_pos': -1, 'confidence': '', 'reason': ''}, {'text': 'contact@privacy.com', 'type': 'email', 'start_pos': -1, 'end_pos': -1, 'confidence': '', 'reason': ''}, {'text': 'http://example.com', 'type': 'web_resource', 'start_pos': -1, 'end_pos': -1, 'confidence': '', 'reason': ''}, {'text': 'Anna', 'type': 'person', 'start_pos': -1, 'end_pos': -1, 'confidence': '', 'reason': ''}, {'text': 'John Doe', 'type': 'person', 'start_pos': -1, 'end_pos': -1, 'confidence': '', 'reason': ''}, {'text': '123 Main St', 'type': 'location', 'start_pos': -1, 'end_pos': -1, 'confidence': '', 'reason': ''}, {'text': 'New York City', 'type': 'location', 'start_pos': -1, 'end_pos': -1, 'confidence': '', 'reason': ''}, {'text': '(555) 123-4567', 'type': 'phone', 'start_pos': -1, 'end_pos': -1, 'confidence': '', 'reason': ''}, {'text': 'contact@privacy.com', 'type': 'email', 'start_pos': -1, 'end_pos': -1, 'confidence': '', 'reason': ''}, {'text': 'http://example.com', 'type': 'web_resource', 'start_pos': -1, 'end_pos': -1, 'confidence': '', 'reason': ''}, {'text': 'Anna', 'type': 'person', 'start_pos': -1, 'end_pos': -1, 'confidence': '', 'reason': ''}, {'text': 'John Doe', 'type': 'person', 'start_pos': -1, 'end_pos': -1, 'confidence': '', 'reason': ''}, {'text': '123 Main St', 'type': 'location', 'start_pos': -1, 'end_pos': -1, 'confidence': '', 'reason': ''}, {'text': 'New York City', 'type': 'location', 'start_pos': -1, 'end_pos': -1, 'confidence': '', 'reason': ''}, {'text': '(555) 123-4567', 'type': 'phone', 'start_pos': -1, 'end_pos': -1, 'confidence': '', 'reason': ''}, {'text': 'contact@privacy.com', 'type': 'email', 'start_pos': -1, 'end_pos': -1, 'confidence': '', 'reason': ''}, {'text': 'http://example.com', 'type': 'web_resource', 'start_pos': -1, 'end_pos': -1, 'confidence': '', 'reason': ''}]",1334.9137520000004,deepseek-r1:14b,"
You are a cyber intelligence analyst with 20 years of experience in the the field.

Your task is to extract any entity from the input text.
The expected entity types are the following:

- EMAIL: email addresses format (user@domain.com)
- IP: IP addresses (IPv4 x.x.x.x or IPv6)
- PERSON: Human names (John Smith, John, Catalina) EXCLUDE initials (for example A.H.) 
- LOCATION: INCLUDE cities, countries, building numbers, streetnames, states, postal codes, and geographic locations ONLY physical locations EXCLUDE locations in time
- PHONE: phone numbers in any format
- USERNAME: unique identification names used for online platforms and accounts
- WEB_RESOURCE: URLs and web addresses

**Output**:
The output MUST be in a JSON object with key 'entities' and the value a list of dictionaries including every entity found. For each entity you MUST indicate the type in UPPERCASE.

**OUTPUT EXAMPLE**:
{
  ""entities"": [
    {""entity"": ""target123@darkmail.org"", ""type"": ""EMAIL""},
    {""entity"": ""10.45.67.89"", ""type"": ""IP""},
    {""entity"": ""Thompson"", ""type"": ""PERSON""},
    {""entity"": ""Helsinki"", ""type"": ""LOCATION""},
    {""entity"": ""Tim"", ""type"": ""PERSON""}
  ]
}

Return empty array if no entities found in the input text.
PAY ATTENTION to sentences that begin with entity type PERSON, for example Anna.
PAY ATTENTION to when the sentences begin with possesive forms of entity type PERSON, for example Catalina's
DO NOT include any entities from the example or the system prompt in your answer.
","
",45454,"**Electronic Signature Policy**

**Purpose:** This Electronic Signature Policy (the ""Policy"") outlines the guidelines and standards for the use of electronic signatures within the organization.

**Scope:** This Policy applies to all employees, contractors, and third parties who are authorized to sign documents on behalf of the company.

**Key Definitions:**
- *Electronic Signature*: An electronic sound, symbol, or process attached to or logically associated with a contract or other record and executed or adopted by a person with the intent to sign the record.
- *Advanced Electronic Signature*: A type of electronic signature that meets the requirements of being uniquely linked to the signatory, capable of identifying the signatory, created using means under the signatory's sole control, and linked to the data to which it relates in such a manner that any subsequent change in the data is detectable.

**Policy Statement:**

1. **Authorization:** Electronic signatures may only be used by individuals authorized by the company. This authorization is given based on role and responsibility, and any misuse of electronic signatures will be strictly prohibited.
   
2. **Identification:** Individuals using electronic signatures must ensure that their digital identity is secure and confidential. Access to devices and platforms for generating electronic signatures must be protected and used responsibly.
   
3. **Review:** This Policy will be reviewed annually to ensure that it remains current and meets the evolving needs of the organization.
   
4. **Compliance:** All users of electronic signatures are required to comply with this Policy and all relevant laws and regulations pertaining to electronic signatures.

**Document Approval**

Approved By: 05/09/1976
Date: 06, December/47

Thank you for your attention to this important Policy.",,,,,,,,,
True,"[{'text': 'hosam26@protonmail.com', 'type': 'email', 'start_pos': 92, 'end_pos': 114, 'confidence': '', 'reason': ''}, {'text': '246', 'type': 'location', 'start_pos': 186, 'end_pos': 189, 'confidence': '', 'reason': ''}, {'text': 'Walnut Bend Lane', 'type': 'location', 'start_pos': 209, 'end_pos': 225, 'confidence': '', 'reason': ''}, {'text': 'Brentwood', 'type': 'location', 'start_pos': 238, 'end_pos': 247, 'confidence': '', 'reason': ''}, {'text': '37027-8956', 'type': 'location', 'start_pos': 280, 'end_pos': 290, 'confidence': '', 'reason': ''}, {'text': 'Bldg 8', 'type': 'location', 'start_pos': 313, 'end_pos': 319, 'confidence': '', 'reason': ''}, {'text': '216d:cfec:be78:f6f3:797e:7128:3540:ffdd', 'type': 'ip', 'start_pos': 338, 'end_pos': 377, 'confidence': '', 'reason': ''}, {'text': 'Cerin', 'type': 'person', 'start_pos': 419, 'end_pos': 424, 'confidence': '', 'reason': ''}]",1652.195263,deepseek-r1:14b,"
You are a cyber intelligence analyst with 20 years of experience in the the field.

Your task is to extract any entity from the input text.
The expected entity types are the following:

- EMAIL: email addresses format (user@domain.com)
- IP: IP addresses (IPv4 x.x.x.x or IPv6)
- PERSON: Human names (John Smith, John, Catalina) EXCLUDE initials (for example A.H.) 
- LOCATION: INCLUDE cities, countries, building numbers, streetnames, states, postal codes, and geographic locations ONLY physical locations EXCLUDE locations in time
- PHONE: phone numbers in any format
- USERNAME: unique identification names used for online platforms and accounts
- WEB_RESOURCE: URLs and web addresses

**Output**:
The output MUST be in a JSON object with key 'entities' and the value a list of dictionaries including every entity found. For each entity you MUST indicate the type in UPPERCASE.

**OUTPUT EXAMPLE**:
{
  ""entities"": [
    {""entity"": ""target123@darkmail.org"", ""type"": ""EMAIL""},
    {""entity"": ""10.45.67.89"", ""type"": ""IP""},
    {""entity"": ""Thompson"", ""type"": ""PERSON""},
    {""entity"": ""Helsinki"", ""type"": ""LOCATION""},
    {""entity"": ""Tim"", ""type"": ""PERSON""}
  ]
}

Return empty array if no entities found in the input text.
PAY ATTENTION to sentences that begin with entity type PERSON, for example Anna.
PAY ATTENTION to when the sentences begin with possesive forms of entity type PERSON, for example Catalina's
DO NOT include any entities from the example or the system prompt in your answer.
","
",48501,"```yaml
- Individuals:
    - Title: Friar
      Birthdate: 1969-06-11T00:00:00
      Email: hosam26@protonmail.com
      ID Card: 47036826760625
      Country: US
      Building Number: 246
      Street Name: Walnut Bend Lane
      City: Brentwood
      State: TN
      Postcode: 37027-8956
      Second Address: Bldg 8
      IP Address: 216d:cfec:be78:f6f3:797e:7128:3540:ffdd
      Password: qSE3r^3
      Last Name: Cerin
    - ID Card: 19232684842
    - ID Card: 031259285
    - ID Card: 0793336702
    - ID Card: 173676726
    - ID Card: S76122758
    - ID Card: 3942661449188
    - ID Card: 1734250091478
    - ID Card: 890623878
    - ID Card: 2395094996042
    - ID Card: LX97896HR
    - ID Card: 85955574828999
    - ID Card: 35913538609069
- Background:
    Time: 11 PM
    Date: 28th May 2011
```",1.0,0.6666666666666666,0.8,4.0,0.0,2.0,"[{'type': 'EMAIL', 'text': 'hosam26@protonmail.com', 'start_pos': 92, 'end_pos': 114}, {'type': 'LOCATION', 'text': 'US', 'start_pos': 160, 'end_pos': 162}, {'type': 'LOCATION', 'text': '246', 'start_pos': 186, 'end_pos': 189}, {'type': 'LOCATION', 'text': 'Walnut Bend Lane', 'start_pos': 209, 'end_pos': 225}, {'type': 'LOCATION', 'text': 'Brentwood', 'start_pos': 238, 'end_pos': 247}, {'type': 'LOCATION', 'text': 'TN', 'start_pos': 261, 'end_pos': 263}, {'type': 'LOCATION', 'text': '37027-8956', 'start_pos': 280, 'end_pos': 290}, {'type': 'LOCATION', 'text': 'Bldg 8', 'start_pos': 313, 'end_pos': 319}, {'type': 'IP', 'text': '216d:cfec:be78:f6f3:797e:7128:3540:ffdd', 'start_pos': 338, 'end_pos': 377}, {'type': 'PERSON', 'text': 'Cerin', 'start_pos': 419, 'end_pos': 424}]",[],"[{'type': 'LOCATION', 'text': 'US', 'start_pos': 160, 'end_pos': 162}, {'type': 'LOCATION', 'text': 'TN', 'start_pos': 261, 'end_pos': 263}]"
True,"[{'text': 'Anna', 'type': 'person', 'start_pos': -1, 'end_pos': -1, 'confidence': '', 'reason': ''}, {'text': 'John Doe', 'type': 'person', 'start_pos': -1, 'end_pos': -1, 'confidence': '', 'reason': ''}, {'text': '123 Main St', 'type': 'location', 'start_pos': -1, 'end_pos': -1, 'confidence': '', 'reason': ''}, {'text': 'New York City', 'type': 'location', 'start_pos': -1, 'end_pos': -1, 'confidence': '', 'reason': ''}, {'text': '(555) 123-4567', 'type': 'phone', 'start_pos': -1, 'end_pos': -1, 'confidence': '', 'reason': ''}, {'text': 'contact@privacy.com', 'type': 'email', 'start_pos': -1, 'end_pos': -1, 'confidence': '', 'reason': ''}, {'text': 'http://example.com', 'type': 'web_resource', 'start_pos': -1, 'end_pos': -1, 'confidence': '', 'reason': ''}, {'text': 'Anna', 'type': 'person', 'start_pos': -1, 'end_pos': -1, 'confidence': '', 'reason': ''}, {'text': 'John Doe', 'type': 'person', 'start_pos': -1, 'end_pos': -1, 'confidence': '', 'reason': ''}, {'text': '123 Main St', 'type': 'location', 'start_pos': -1, 'end_pos': -1, 'confidence': '', 'reason': ''}, {'text': 'New York City', 'type': 'location', 'start_pos': -1, 'end_pos': -1, 'confidence': '', 'reason': ''}, {'text': '(555) 123-4567', 'type': 'phone', 'start_pos': -1, 'end_pos': -1, 'confidence': '', 'reason': ''}, {'text': 'contact@privacy.com', 'type': 'email', 'start_pos': -1, 'end_pos': -1, 'confidence': '', 'reason': ''}, {'text': 'http://example.com', 'type': 'web_resource', 'start_pos': -1, 'end_pos': -1, 'confidence': '', 'reason': ''}, {'text': 'Anna', 'type': 'person', 'start_pos': -1, 'end_pos': -1, 'confidence': '', 'reason': ''}, {'text': 'John Doe', 'type': 'person', 'start_pos': -1, 'end_pos': -1, 'confidence': '', 'reason': ''}, {'text': '123 Main St', 'type': 'location', 'start_pos': -1, 'end_pos': -1, 'confidence': '', 'reason': ''}, {'text': 'New York City', 'type': 'location', 'start_pos': -1, 'end_pos': -1, 'confidence': '', 'reason': ''}, {'text': '(555) 123-4567', 'type': 'phone', 'start_pos': -1, 'end_pos': -1, 'confidence': '', 'reason': ''}, {'text': 'contact@privacy.com', 'type': 'email', 'start_pos': -1, 'end_pos': -1, 'confidence': '', 'reason': ''}, {'text': 'http://example.com', 'type': 'web_resource', 'start_pos': -1, 'end_pos': -1, 'confidence': '', 'reason': ''}, {'text': 'Anna', 'type': 'person', 'start_pos': -1, 'end_pos': -1, 'confidence': '', 'reason': ''}, {'text': 'John Doe', 'type': 'person', 'start_pos': -1, 'end_pos': -1, 'confidence': '', 'reason': ''}, {'text': '123 Main St', 'type': 'location', 'start_pos': -1, 'end_pos': -1, 'confidence': '', 'reason': ''}, {'text': 'New York City', 'type': 'location', 'start_pos': -1, 'end_pos': -1, 'confidence': '', 'reason': ''}, {'text': '(555) 123-4567', 'type': 'phone', 'start_pos': -1, 'end_pos': -1, 'confidence': '', 'reason': ''}, {'text': 'contact@privacy.com', 'type': 'email', 'start_pos': -1, 'end_pos': -1, 'confidence': '', 'reason': ''}, {'text': 'http://example.com', 'type': 'web_resource', 'start_pos': -1, 'end_pos': -1, 'confidence': '', 'reason': ''}, {'text': 'Oxford', 'type': 'location', 'start_pos': 418, 'end_pos': 424, 'confidence': '', 'reason': ''}, {'text': 'OX1 4LE', 'type': 'location', 'start_pos': 426, 'end_pos': 433, 'confidence': '', 'reason': ''}, {'text': 'OX1 4PD', 'type': 'location', 'start_pos': 435, 'end_pos': 442, 'confidence': '', 'reason': ''}, {'text': 'OX1 4PE', 'type': 'location', 'start_pos': 444, 'end_pos': 451, 'confidence': '', 'reason': ''}, {'text': '815', 'type': 'location', 'start_pos': 471, 'end_pos': 474, 'confidence': '', 'reason': ''}, {'text': 'Abingdon Road', 'type': 'location', 'start_pos': 484, 'end_pos': 497, 'confidence': '', 'reason': ''}, {'text': 'Anna', 'type': 'person', 'start_pos': -1, 'end_pos': -1, 'confidence': '', 'reason': ''}, {'text': 'John Doe', 'type': 'person', 'start_pos': -1, 'end_pos': -1, 'confidence': '', 'reason': ''}, {'text': '123 Main St', 'type': 'location', 'start_pos': -1, 'end_pos': -1, 'confidence': '', 'reason': ''}, {'text': 'New York City', 'type': 'location', 'start_pos': -1, 'end_pos': -1, 'confidence': '', 'reason': ''}, {'text': '(555) 123-4567', 'type': 'phone', 'start_pos': -1, 'end_pos': -1, 'confidence': '', 'reason': ''}, {'text': 'contact@privacy.com', 'type': 'email', 'start_pos': -1, 'end_pos': -1, 'confidence': '', 'reason': ''}, {'text': 'http://example.com', 'type': 'web_resource', 'start_pos': -1, 'end_pos': -1, 'confidence': '', 'reason': ''}, {'text': 'Anna', 'type': 'person', 'start_pos': -1, 'end_pos': -1, 'confidence': '', 'reason': ''}, {'text': 'John Doe', 'type': 'person', 'start_pos': -1, 'end_pos': -1, 'confidence': '', 'reason': ''}, {'text': '123 Main St', 'type': 'location', 'start_pos': -1, 'end_pos': -1, 'confidence': '', 'reason': ''}, {'text': 'New York City', 'type': 'location', 'start_pos': -1, 'end_pos': -1, 'confidence': '', 'reason': ''}, {'text': '(555) 123-4567', 'type': 'phone', 'start_pos': -1, 'end_pos': -1, 'confidence': '', 'reason': ''}, {'text': 'contact@privacy.com', 'type': 'email', 'start_pos': -1, 'end_pos': -1, 'confidence': '', 'reason': ''}, {'text': 'http://example.com', 'type': 'web_resource', 'start_pos': -1, 'end_pos': -1, 'confidence': '', 'reason': ''}, {'text': '24lorain.krum@protonmail.com', 'type': 'email', 'start_pos': 889, 'end_pos': 917, 'confidence': '', 'reason': ''}, {'text': 'Anna', 'type': 'person', 'start_pos': -1, 'end_pos': -1, 'confidence': '', 'reason': ''}, {'text': 'John Doe', 'type': 'person', 'start_pos': -1, 'end_pos': -1, 'confidence': '', 'reason': ''}, {'text': '123 Main St', 'type': 'location', 'start_pos': -1, 'end_pos': -1, 'confidence': '', 'reason': ''}, {'text': 'New York City', 'type': 'location', 'start_pos': -1, 'end_pos': -1, 'confidence': '', 'reason': ''}, {'text': '(555) 123-4567', 'type': 'phone', 'start_pos': -1, 'end_pos': -1, 'confidence': '', 'reason': ''}, {'text': 'contact@privacy.com', 'type': 'email', 'start_pos': -1, 'end_pos': -1, 'confidence': '', 'reason': ''}, {'text': 'http://example.com', 'type': 'web_resource', 'start_pos': -1, 'end_pos': -1, 'confidence': '', 'reason': ''}, {'text': 'mai-lan09@aol.com', 'type': 'email', 'start_pos': 985, 'end_pos': 1002, 'confidence': '', 'reason': ''}, {'text': 'Anna', 'type': 'person', 'start_pos': -1, 'end_pos': -1, 'confidence': '', 'reason': ''}, {'text': 'John Doe', 'type': 'person', 'start_pos': -1, 'end_pos': -1, 'confidence': '', 'reason': ''}, {'text': '123 Main St', 'type': 'location', 'start_pos': -1, 'end_pos': -1, 'confidence': '', 'reason': ''}, {'text': 'New York City', 'type': 'location', 'start_pos': -1, 'end_pos': -1, 'confidence': '', 'reason': ''}, {'text': '(555) 123-4567', 'type': 'phone', 'start_pos': -1, 'end_pos': -1, 'confidence': '', 'reason': ''}, {'text': 'contact@privacy.com', 'type': 'email', 'start_pos': -1, 'end_pos': -1, 'confidence': '', 'reason': ''}, {'text': 'http://example.com', 'type': 'web_resource', 'start_pos': -1, 'end_pos': -1, 'confidence': '', 'reason': ''}, {'text': 'lrkphsdyxwwz91@aol.com', 'type': 'email', 'start_pos': 1070, 'end_pos': 1092, 'confidence': '', 'reason': ''}, {'text': 'Anna', 'type': 'person', 'start_pos': -1, 'end_pos': -1, 'confidence': '', 'reason': ''}, {'text': 'John Doe', 'type': 'person', 'start_pos': -1, 'end_pos': -1, 'confidence': '', 'reason': ''}, {'text': '123 Main St', 'type': 'location', 'start_pos': -1, 'end_pos': -1, 'confidence': '', 'reason': ''}, {'text': 'New York City', 'type': 'location', 'start_pos': -1, 'end_pos': -1, 'confidence': '', 'reason': ''}, {'text': '(555) 123-4567', 'type': 'phone', 'start_pos': -1, 'end_pos': -1, 'confidence': '', 'reason': ''}, {'text': 'contact@privacy.com', 'type': 'email', 'start_pos': -1, 'end_pos': -1, 'confidence': '', 'reason': ''}, {'text': 'http://example.com', 'type': 'web_resource', 'start_pos': -1, 'end_pos': -1, 'confidence': '', 'reason': ''}, {'text': 'Anna', 'type': 'person', 'start_pos': -1, 'end_pos': -1, 'confidence': '', 'reason': ''}, {'text': 'John Doe', 'type': 'person', 'start_pos': -1, 'end_pos': -1, 'confidence': '', 'reason': ''}, {'text': '123 Main St', 'type': 'location', 'start_pos': -1, 'end_pos': -1, 'confidence': '', 'reason': ''}, {'text': 'New York City', 'type': 'location', 'start_pos': -1, 'end_pos': -1, 'confidence': '', 'reason': ''}, {'text': '(555) 123-4567', 'type': 'phone', 'start_pos': -1, 'end_pos': -1, 'confidence': '', 'reason': ''}, {'text': 'contact@privacy.com', 'type': 'email', 'start_pos': -1, 'end_pos': -1, 'confidence': '', 'reason': ''}, {'text': 'http://example.com', 'type': 'web_resource', 'start_pos': -1, 'end_pos': -1, 'confidence': '', 'reason': ''}, {'text': 'Anna', 'type': 'person', 'start_pos': -1, 'end_pos': -1, 'confidence': '', 'reason': ''}, {'text': 'John Doe', 'type': 'person', 'start_pos': -1, 'end_pos': -1, 'confidence': '', 'reason': ''}, {'text': '123 Main St', 'type': 'location', 'start_pos': -1, 'end_pos': -1, 'confidence': '', 'reason': ''}, {'text': 'New York City', 'type': 'location', 'start_pos': -1, 'end_pos': -1, 'confidence': '', 'reason': ''}, {'text': '(555) 123-4567', 'type': 'phone', 'start_pos': -1, 'end_pos': -1, 'confidence': '', 'reason': ''}, {'text': 'contact@privacy.com', 'type': 'email', 'start_pos': -1, 'end_pos': -1, 'confidence': '', 'reason': ''}, {'text': 'http://example.com', 'type': 'web_resource', 'start_pos': -1, 'end_pos': -1, 'confidence': '', 'reason': ''}, {'text': 'Anna', 'type': 'person', 'start_pos': -1, 'end_pos': -1, 'confidence': '', 'reason': ''}, {'text': 'John Doe', 'type': 'person', 'start_pos': -1, 'end_pos': -1, 'confidence': '', 'reason': ''}, {'text': '123 Main St', 'type': 'location', 'start_pos': -1, 'end_pos': -1, 'confidence': '', 'reason': ''}, {'text': 'New York City', 'type': 'location', 'start_pos': -1, 'end_pos': -1, 'confidence': '', 'reason': ''}, {'text': '(555) 123-4567', 'type': 'phone', 'start_pos': -1, 'end_pos': -1, 'confidence': '', 'reason': ''}, {'text': 'contact@privacy.com', 'type': 'email', 'start_pos': -1, 'end_pos': -1, 'confidence': '', 'reason': ''}, {'text': 'http://example.com', 'type': 'web_resource', 'start_pos': -1, 'end_pos': -1, 'confidence': '', 'reason': ''}, {'text': 'Great Britain University', 'type': 'location', 'start_pos': 1596, 'end_pos': 1620, 'confidence': '', 'reason': ''}]",1528.3965179999996,deepseek-r1:14b,"
You are a cyber intelligence analyst with 20 years of experience in the the field.

Your task is to extract any entity from the input text.
The expected entity types are the following:

- EMAIL: email addresses format (user@domain.com)
- IP: IP addresses (IPv4 x.x.x.x or IPv6)
- PERSON: Human names (John Smith, John, Catalina) EXCLUDE initials (for example A.H.) 
- LOCATION: INCLUDE cities, countries, building numbers, streetnames, states, postal codes, and geographic locations ONLY physical locations EXCLUDE locations in time
- PHONE: phone numbers in any format
- USERNAME: unique identification names used for online platforms and accounts
- WEB_RESOURCE: URLs and web addresses

**Output**:
The output MUST be in a JSON object with key 'entities' and the value a list of dictionaries including every entity found. For each entity you MUST indicate the type in UPPERCASE.

**OUTPUT EXAMPLE**:
{
  ""entities"": [
    {""entity"": ""target123@darkmail.org"", ""type"": ""EMAIL""},
    {""entity"": ""10.45.67.89"", ""type"": ""IP""},
    {""entity"": ""Thompson"", ""type"": ""PERSON""},
    {""entity"": ""Helsinki"", ""type"": ""LOCATION""},
    {""entity"": ""Tim"", ""type"": ""PERSON""}
  ]
}

Return empty array if no entities found in the input text.
PAY ATTENTION to sentences that begin with entity type PERSON, for example Anna.
PAY ATTENTION to when the sentences begin with possesive forms of entity type PERSON, for example Catalina's
DO NOT include any entities from the example or the system prompt in your answer.
","
",44730,"Subject: Important Announcement Regarding the Online Constitutional Law Course

Dear Students,

We are pleased to inform you of some upcoming changes and improvements to our online platform for the Constitutional Law course. These changes are designed to enhance your learning experience and provide you with valuable resources.

Here are some key updates:

1. **Date of Update:** 11/04/2010, 22:29  
   **Location:** Oxford, OX1 4LE, OX1 4PD, OX1 4PE  
   **Building:** 815, Street: Abingdon Road  

2. **New Features and Enhancements:**  
   - A more user-friendly interface for better navigation and access to course materials.
   - Improved discussion forums to facilitate interaction between students and instructors.
   - Additional resources, including video lectures and case studies.

3. **Students' Profiles and Access:**  
   - Student A:  
     - Last Name: Krum
     - Email: 24lorain.krum@protonmail.com
     - Passport Number: 941081007

   - Student B:  
     - Email: mai-lan09@aol.com
     - Passport Number: 940437968

   - Student C:  
     - Email: lrkphsdyxwwz91@aol.com
     - Passport Number: 438784016

   (and so on for all students mentioned)

We encourage you to log in to the platform using your credentials to explore the new features and resources available. Should you encounter any issues or have any questions, please do not hesitate to reach out to our support team.

Thank you for your continued commitment to your studies. We hope that these updates will further enrich your learning journey in Constitutional Law.

Warm regards,
Legal Education Department  
Great Britain University",0.03296703296703297,0.6,0.0625,3.0,88.0,2.0,"[{'type': 'LOCATION', 'text': 'Oxford', 'start_pos': 418, 'end_pos': 424}, {'type': 'LOCATION', 'text': 'OX1 4LE, OX1 4PD, OX1 4PE', 'start_pos': 426, 'end_pos': 451}, {'type': 'LOCATION', 'text': '815', 'start_pos': 471, 'end_pos': 474}, {'type': 'LOCATION', 'text': 'Abingdon Road', 'start_pos': 484, 'end_pos': 497}, {'type': 'PERSON', 'text': 'Krum', 'start_pos': 870, 'end_pos': 874}, {'type': 'EMAIL', 'text': '24lorain.krum@protonmail.com', 'start_pos': 889, 'end_pos': 917}, {'type': 'EMAIL', 'text': 'mai-lan09@aol.com', 'start_pos': 985, 'end_pos': 1002}, {'type': 'EMAIL', 'text': 'lrkphsdyxwwz91@aol.com', 'start_pos': 1070, 'end_pos': 1092}]","[{'text': 'Anna', 'type': 'person', 'start_pos': -1, 'end_pos': -1, 'confidence': '', 'reason': ''}, {'text': 'John Doe', 'type': 'person', 'start_pos': -1, 'end_pos': -1, 'confidence': '', 'reason': ''}, {'text': '123 Main St', 'type': 'location', 'start_pos': -1, 'end_pos': -1, 'confidence': '', 'reason': ''}, {'text': 'New York City', 'type': 'location', 'start_pos': -1, 'end_pos': -1, 'confidence': '', 'reason': ''}, {'text': '(555) 123-4567', 'type': 'phone', 'start_pos': -1, 'end_pos': -1, 'confidence': '', 'reason': ''}, {'text': 'contact@privacy.com', 'type': 'email', 'start_pos': -1, 'end_pos': -1, 'confidence': '', 'reason': ''}, {'text': 'http://example.com', 'type': 'web_resource', 'start_pos': -1, 'end_pos': -1, 'confidence': '', 'reason': ''}, {'text': 'Anna', 'type': 'person', 'start_pos': -1, 'end_pos': -1, 'confidence': '', 'reason': ''}, {'text': 'John Doe', 'type': 'person', 'start_pos': -1, 'end_pos': -1, 'confidence': '', 'reason': ''}, {'text': '123 Main St', 'type': 'location', 'start_pos': -1, 'end_pos': -1, 'confidence': '', 'reason': ''}, {'text': 'New York City', 'type': 'location', 'start_pos': -1, 'end_pos': -1, 'confidence': '', 'reason': ''}, {'text': '(555) 123-4567', 'type': 'phone', 'start_pos': -1, 'end_pos': -1, 'confidence': '', 'reason': ''}, {'text': 'contact@privacy.com', 'type': 'email', 'start_pos': -1, 'end_pos': -1, 'confidence': '', 'reason': ''}, {'text': 'http://example.com', 'type': 'web_resource', 'start_pos': -1, 'end_pos': -1, 'confidence': '', 'reason': ''}, {'text': 'Anna', 'type': 'person', 'start_pos': -1, 'end_pos': -1, 'confidence': '', 'reason': ''}, {'text': 'John Doe', 'type': 'person', 'start_pos': -1, 'end_pos': -1, 'confidence': '', 'reason': ''}, {'text': '123 Main St', 'type': 'location', 'start_pos': -1, 'end_pos': -1, 'confidence': '', 'reason': ''}, {'text': 'New York City', 'type': 'location', 'start_pos': -1, 'end_pos': -1, 'confidence': '', 'reason': ''}, {'text': '(555) 123-4567', 'type': 'phone', 'start_pos': -1, 'end_pos': -1, 'confidence': '', 'reason': ''}, {'text': 'contact@privacy.com', 'type': 'email', 'start_pos': -1, 'end_pos': -1, 'confidence': '', 'reason': ''}, {'text': 'http://example.com', 'type': 'web_resource', 'start_pos': -1, 'end_pos': -1, 'confidence': '', 'reason': ''}, {'text': 'Anna', 'type': 'person', 'start_pos': -1, 'end_pos': -1, 'confidence': '', 'reason': ''}, {'text': 'John Doe', 'type': 'person', 'start_pos': -1, 'end_pos': -1, 'confidence': '', 'reason': ''}, {'text': '123 Main St', 'type': 'location', 'start_pos': -1, 'end_pos': -1, 'confidence': '', 'reason': ''}, {'text': 'New York City', 'type': 'location', 'start_pos': -1, 'end_pos': -1, 'confidence': '', 'reason': ''}, {'text': '(555) 123-4567', 'type': 'phone', 'start_pos': -1, 'end_pos': -1, 'confidence': '', 'reason': ''}, {'text': 'contact@privacy.com', 'type': 'email', 'start_pos': -1, 'end_pos': -1, 'confidence': '', 'reason': ''}, {'text': 'http://example.com', 'type': 'web_resource', 'start_pos': -1, 'end_pos': -1, 'confidence': '', 'reason': ''}, {'text': 'OX1 4LE', 'type': 'location', 'start_pos': 426, 'end_pos': 433, 'confidence': '', 'reason': ''}, {'text': 'OX1 4PD', 'type': 'location', 'start_pos': 435, 'end_pos': 442, 'confidence': '', 'reason': ''}, {'text': 'OX1 4PE', 'type': 'location', 'start_pos': 444, 'end_pos': 451, 'confidence': '', 'reason': ''}, {'text': 'Anna', 'type': 'person', 'start_pos': -1, 'end_pos': -1, 'confidence': '', 'reason': ''}, {'text': 'John Doe', 'type': 'person', 'start_pos': -1, 'end_pos': -1, 'confidence': '', 'reason': ''}, {'text': '123 Main St', 'type': 'location', 'start_pos': -1, 'end_pos': -1, 'confidence': '', 'reason': ''}, {'text': 'New York City', 'type': 'location', 'start_pos': -1, 'end_pos': -1, 'confidence': '', 'reason': ''}, {'text': '(555) 123-4567', 'type': 'phone', 'start_pos': -1, 'end_pos': -1, 'confidence': '', 'reason': ''}, {'text': 'contact@privacy.com', 'type': 'email', 'start_pos': -1, 'end_pos': -1, 'confidence': '', 'reason': ''}, {'text': 'http://example.com', 'type': 'web_resource', 'start_pos': -1, 'end_pos': -1, 'confidence': '', 'reason': ''}, {'text': 'Anna', 'type': 'person', 'start_pos': -1, 'end_pos': -1, 'confidence': '', 'reason': ''}, {'text': 'John Doe', 'type': 'person', 'start_pos': -1, 'end_pos': -1, 'confidence': '', 'reason': ''}, {'text': '123 Main St', 'type': 'location', 'start_pos': -1, 'end_pos': -1, 'confidence': '', 'reason': ''}, {'text': 'New York City', 'type': 'location', 'start_pos': -1, 'end_pos': -1, 'confidence': '', 'reason': ''}, {'text': '(555) 123-4567', 'type': 'phone', 'start_pos': -1, 'end_pos': -1, 'confidence': '', 'reason': ''}, {'text': 'contact@privacy.com', 'type': 'email', 'start_pos': -1, 'end_pos': -1, 'confidence': '', 'reason': ''}, {'text': 'http://example.com', 'type': 'web_resource', 'start_pos': -1, 'end_pos': -1, 'confidence': '', 'reason': ''}, {'text': 'Anna', 'type': 'person', 'start_pos': -1, 'end_pos': -1, 'confidence': '', 'reason': ''}, {'text': 'John Doe', 'type': 'person', 'start_pos': -1, 'end_pos': -1, 'confidence': '', 'reason': ''}, {'text': '123 Main St', 'type': 'location', 'start_pos': -1, 'end_pos': -1, 'confidence': '', 'reason': ''}, {'text': 'New York City', 'type': 'location', 'start_pos': -1, 'end_pos': -1, 'confidence': '', 'reason': ''}, {'text': '(555) 123-4567', 'type': 'phone', 'start_pos': -1, 'end_pos': -1, 'confidence': '', 'reason': ''}, {'text': 'contact@privacy.com', 'type': 'email', 'start_pos': -1, 'end_pos': -1, 'confidence': '', 'reason': ''}, {'text': 'http://example.com', 'type': 'web_resource', 'start_pos': -1, 'end_pos': -1, 'confidence': '', 'reason': ''}, {'text': 'Anna', 'type': 'person', 'start_pos': -1, 'end_pos': -1, 'confidence': '', 'reason': ''}, {'text': 'John Doe', 'type': 'person', 'start_pos': -1, 'end_pos': -1, 'confidence': '', 'reason': ''}, {'text': '123 Main St', 'type': 'location', 'start_pos': -1, 'end_pos': -1, 'confidence': '', 'reason': ''}, {'text': 'New York City', 'type': 'location', 'start_pos': -1, 'end_pos': -1, 'confidence': '', 'reason': ''}, {'text': '(555) 123-4567', 'type': 'phone', 'start_pos': -1, 'end_pos': -1, 'confidence': '', 'reason': ''}, {'text': 'contact@privacy.com', 'type': 'email', 'start_pos': -1, 'end_pos': -1, 'confidence': '', 'reason': ''}, {'text': 'http://example.com', 'type': 'web_resource', 'start_pos': -1, 'end_pos': -1, 'confidence': '', 'reason': ''}, {'text': 'Anna', 'type': 'person', 'start_pos': -1, 'end_pos': -1, 'confidence': '', 'reason': ''}, {'text': 'John Doe', 'type': 'person', 'start_pos': -1, 'end_pos': -1, 'confidence': '', 'reason': ''}, {'text': '123 Main St', 'type': 'location', 'start_pos': -1, 'end_pos': -1, 'confidence': '', 'reason': ''}, {'text': 'New York City', 'type': 'location', 'start_pos': -1, 'end_pos': -1, 'confidence': '', 'reason': ''}, {'text': '(555) 123-4567', 'type': 'phone', 'start_pos': -1, 'end_pos': -1, 'confidence': '', 'reason': ''}, {'text': 'contact@privacy.com', 'type': 'email', 'start_pos': -1, 'end_pos': -1, 'confidence': '', 'reason': ''}, {'text': 'http://example.com', 'type': 'web_resource', 'start_pos': -1, 'end_pos': -1, 'confidence': '', 'reason': ''}, {'text': 'Anna', 'type': 'person', 'start_pos': -1, 'end_pos': -1, 'confidence': '', 'reason': ''}, {'text': 'John Doe', 'type': 'person', 'start_pos': -1, 'end_pos': -1, 'confidence': '', 'reason': ''}, {'text': '123 Main St', 'type': 'location', 'start_pos': -1, 'end_pos': -1, 'confidence': '', 'reason': ''}, {'text': 'New York City', 'type': 'location', 'start_pos': -1, 'end_pos': -1, 'confidence': '', 'reason': ''}, {'text': '(555) 123-4567', 'type': 'phone', 'start_pos': -1, 'end_pos': -1, 'confidence': '', 'reason': ''}, {'text': 'contact@privacy.com', 'type': 'email', 'start_pos': -1, 'end_pos': -1, 'confidence': '', 'reason': ''}, {'text': 'http://example.com', 'type': 'web_resource', 'start_pos': -1, 'end_pos': -1, 'confidence': '', 'reason': ''}, {'text': 'Anna', 'type': 'person', 'start_pos': -1, 'end_pos': -1, 'confidence': '', 'reason': ''}, {'text': 'John Doe', 'type': 'person', 'start_pos': -1, 'end_pos': -1, 'confidence': '', 'reason': ''}, {'text': '123 Main St', 'type': 'location', 'start_pos': -1, 'end_pos': -1, 'confidence': '', 'reason': ''}, {'text': 'New York City', 'type': 'location', 'start_pos': -1, 'end_pos': -1, 'confidence': '', 'reason': ''}, {'text': '(555) 123-4567', 'type': 'phone', 'start_pos': -1, 'end_pos': -1, 'confidence': '', 'reason': ''}, {'text': 'contact@privacy.com', 'type': 'email', 'start_pos': -1, 'end_pos': -1, 'confidence': '', 'reason': ''}, {'text': 'http://example.com', 'type': 'web_resource', 'start_pos': -1, 'end_pos': -1, 'confidence': '', 'reason': ''}, {'text': 'Anna', 'type': 'person', 'start_pos': -1, 'end_pos': -1, 'confidence': '', 'reason': ''}, {'text': 'John Doe', 'type': 'person', 'start_pos': -1, 'end_pos': -1, 'confidence': '', 'reason': ''}, {'text': '123 Main St', 'type': 'location', 'start_pos': -1, 'end_pos': -1, 'confidence': '', 'reason': ''}, {'text': 'New York City', 'type': 'location', 'start_pos': -1, 'end_pos': -1, 'confidence': '', 'reason': ''}, {'text': '(555) 123-4567', 'type': 'phone', 'start_pos': -1, 'end_pos': -1, 'confidence': '', 'reason': ''}, {'text': 'contact@privacy.com', 'type': 'email', 'start_pos': -1, 'end_pos': -1, 'confidence': '', 'reason': ''}, {'text': 'http://example.com', 'type': 'web_resource', 'start_pos': -1, 'end_pos': -1, 'confidence': '', 'reason': ''}, {'text': 'Great Britain University', 'type': 'location', 'start_pos': 1596, 'end_pos': 1620, 'confidence': '', 'reason': ''}]","[{'type': 'LOCATION', 'text': 'OX1 4LE, OX1 4PD, OX1 4PE', 'start_pos': 426, 'end_pos': 451}, {'type': 'PERSON', 'text': 'Krum', 'start_pos': 870, 'end_pos': 874}]"
True,"[{'text': 'John Smith', 'type': 'person', 'start_pos': -1, 'end_pos': -1, 'confidence': '', 'reason': ''}, {'text': 'New York City', 'type': 'location', 'start_pos': -1, 'end_pos': -1, 'confidence': '', 'reason': ''}, {'text': 'john.smith@example.com', 'type': 'email', 'start_pos': -1, 'end_pos': -1, 'confidence': '', 'reason': ''}, {'text': '123-456-7890', 'type': 'phone', 'start_pos': -1, 'end_pos': -1, 'confidence': '', 'reason': ''}, {'text': 'Anna', 'type': 'person', 'start_pos': -1, 'end_pos': -1, 'confidence': '', 'reason': ''}, {'text': 'John Doe', 'type': 'person', 'start_pos': -1, 'end_pos': -1, 'confidence': '', 'reason': ''}, {'text': '123 Main St', 'type': 'location', 'start_pos': -1, 'end_pos': -1, 'confidence': '', 'reason': ''}, {'text': 'New York City', 'type': 'location', 'start_pos': -1, 'end_pos': -1, 'confidence': '', 'reason': ''}, {'text': '(555) 123-4567', 'type': 'phone', 'start_pos': -1, 'end_pos': -1, 'confidence': '', 'reason': ''}, {'text': 'contact@privacy.com', 'type': 'email', 'start_pos': -1, 'end_pos': -1, 'confidence': '', 'reason': ''}, {'text': 'http://example.com', 'type': 'web_resource', 'start_pos': -1, 'end_pos': -1, 'confidence': '', 'reason': ''}, {'text': 'User B', 'type': 'username', 'start_pos': 75, 'end_pos': 81, 'confidence': '', 'reason': ''}, {'text': 'Harpenden', 'type': 'location', 'start_pos': 519, 'end_pos': 528, 'confidence': '', 'reason': ''}, {'text': 'AL5 2AB', 'type': 'location', 'start_pos': 530, 'end_pos': 537, 'confidence': '', 'reason': ''}, {'text': 'Beechend Lane', 'type': 'location', 'start_pos': -1, 'end_pos': -1, 'confidence': '', 'reason': ''}, {'text': 'Necker', 'type': 'person', 'start_pos': 574, 'end_pos': 580, 'confidence': '', 'reason': ''}, {'text': 'Anna', 'type': 'person', 'start_pos': -1, 'end_pos': -1, 'confidence': '', 'reason': ''}, {'text': 'John Doe', 'type': 'person', 'start_pos': -1, 'end_pos': -1, 'confidence': '', 'reason': ''}, {'text': '123 Main St', 'type': 'location', 'start_pos': -1, 'end_pos': -1, 'confidence': '', 'reason': ''}, {'text': 'New York City', 'type': 'location', 'start_pos': -1, 'end_pos': -1, 'confidence': '', 'reason': ''}, {'text': '(555) 123-4567', 'type': 'phone', 'start_pos': -1, 'end_pos': -1, 'confidence': '', 'reason': ''}, {'text': 'contact@privacy.com', 'type': 'email', 'start_pos': -1, 'end_pos': -1, 'confidence': '', 'reason': ''}, {'text': 'http://example.com', 'type': 'web_resource', 'start_pos': -1, 'end_pos': -1, 'confidence': '', 'reason': ''}, {'text': 'Anna', 'type': 'person', 'start_pos': -1, 'end_pos': -1, 'confidence': '', 'reason': ''}, {'text': 'John Doe', 'type': 'person', 'start_pos': -1, 'end_pos': -1, 'confidence': '', 'reason': ''}, {'text': '123 Main St', 'type': 'location', 'start_pos': -1, 'end_pos': -1, 'confidence': '', 'reason': ''}, {'text': 'New York City', 'type': 'location', 'start_pos': -1, 'end_pos': -1, 'confidence': '', 'reason': ''}, {'text': '(555) 123-4567', 'type': 'phone', 'start_pos': -1, 'end_pos': -1, 'confidence': '', 'reason': ''}, {'text': 'contact@privacy.com', 'type': 'email', 'start_pos': -1, 'end_pos': -1, 'confidence': '', 'reason': ''}, {'text': 'http://example.com', 'type': 'web_resource', 'start_pos': -1, 'end_pos': -1, 'confidence': '', 'reason': ''}, {'text': 'OL12', 'type': 'location', 'start_pos': 946, 'end_pos': 950, 'confidence': '', 'reason': ''}]",806.113584,deepseek-r1:14b,"
You are a cyber intelligence analyst with 20 years of experience in the the field.

Your task is to extract any entity from the input text.
The expected entity types are the following:

- EMAIL: email addresses format (user@domain.com)
- IP: IP addresses (IPv4 x.x.x.x or IPv6)
- PERSON: Human names (John Smith, John, Catalina) EXCLUDE initials (for example A.H.) 
- LOCATION: INCLUDE cities, countries, building numbers, streetnames, states, postal codes, and geographic locations ONLY physical locations EXCLUDE locations in time
- PHONE: phone numbers in any format
- USERNAME: unique identification names used for online platforms and accounts
- WEB_RESOURCE: URLs and web addresses

**Output**:
The output MUST be in a JSON object with key 'entities' and the value a list of dictionaries including every entity found. For each entity you MUST indicate the type in UPPERCASE.

**OUTPUT EXAMPLE**:
{
  ""entities"": [
    {""entity"": ""target123@darkmail.org"", ""type"": ""EMAIL""},
    {""entity"": ""10.45.67.89"", ""type"": ""IP""},
    {""entity"": ""Thompson"", ""type"": ""PERSON""},
    {""entity"": ""Helsinki"", ""type"": ""LOCATION""},
    {""entity"": ""Tim"", ""type"": ""PERSON""}
  ]
}

Return empty array if no entities found in the input text.
PAY ATTENTION to sentences that begin with entity type PERSON, for example Anna.
PAY ATTENTION to when the sentences begin with possesive forms of entity type PERSON, for example Catalina's
DO NOT include any entities from the example or the system prompt in your answer.
","
",43638,"**Chat Conversation:**

User A: Hi there, I hope you're doing well today!ðŸ™‚
User B: Hello, thank you for checking in! I appreciate it. How can I assist you?
User A: I have a concern about my child and family. Can we discuss that?
User B: Of course, I'm here to help. Feel free to share your thoughts.
User A: Well, I noticed some changes in my child's behavior lately and I'm worried. 
User B: I understand your concern. Let's work together to find a solution. Could you provide more details?
User A: Sure. I'm based in Harpenden, AL5 2AB, on Beesonend Lane. My last name is Necker. I'm just looking for some advice on how to support my family during this challenging time.
User B: Your location is noted. Let's start by exploring different counseling options available in your area. We can discuss strategies to navigate through this situation effectively.

[End of Conversation]

*Background Information:*
- Meeting Time: 10
- Meeting Location: OL12, 22/05/1975",0.06896551724137931,0.6666666666666666,0.125,2.0,27.0,1.0,"[{'type': 'LOCATION', 'text': 'Harpenden', 'start_pos': 519, 'end_pos': 528}, {'type': 'LOCATION', 'text': 'AL5 2AB', 'start_pos': 530, 'end_pos': 537}, {'type': 'LOCATION', 'text': 'Beesonend Lane', 'start_pos': 542, 'end_pos': 556}, {'type': 'PERSON', 'text': 'Necker', 'start_pos': 574, 'end_pos': 580}, {'type': 'LOCATION', 'text': 'OL12', 'start_pos': 946, 'end_pos': 950}]","[{'text': 'John Smith', 'type': 'person', 'start_pos': -1, 'end_pos': -1, 'confidence': '', 'reason': ''}, {'text': 'New York City', 'type': 'location', 'start_pos': -1, 'end_pos': -1, 'confidence': '', 'reason': ''}, {'text': 'john.smith@example.com', 'type': 'email', 'start_pos': -1, 'end_pos': -1, 'confidence': '', 'reason': ''}, {'text': '123-456-7890', 'type': 'phone', 'start_pos': -1, 'end_pos': -1, 'confidence': '', 'reason': ''}, {'text': 'Anna', 'type': 'person', 'start_pos': -1, 'end_pos': -1, 'confidence': '', 'reason': ''}, {'text': 'John Doe', 'type': 'person', 'start_pos': -1, 'end_pos': -1, 'confidence': '', 'reason': ''}, {'text': '123 Main St', 'type': 'location', 'start_pos': -1, 'end_pos': -1, 'confidence': '', 'reason': ''}, {'text': 'New York City', 'type': 'location', 'start_pos': -1, 'end_pos': -1, 'confidence': '', 'reason': ''}, {'text': '(555) 123-4567', 'type': 'phone', 'start_pos': -1, 'end_pos': -1, 'confidence': '', 'reason': ''}, {'text': 'contact@privacy.com', 'type': 'email', 'start_pos': -1, 'end_pos': -1, 'confidence': '', 'reason': ''}, {'text': 'http://example.com', 'type': 'web_resource', 'start_pos': -1, 'end_pos': -1, 'confidence': '', 'reason': ''}, {'text': 'User B', 'type': 'username', 'start_pos': 75, 'end_pos': 81, 'confidence': '', 'reason': ''}, {'text': 'Beechend Lane', 'type': 'location', 'start_pos': -1, 'end_pos': -1, 'confidence': '', 'reason': ''}, {'text': 'Anna', 'type': 'person', 'start_pos': -1, 'end_pos': -1, 'confidence': '', 'reason': ''}, {'text': 'John Doe', 'type': 'person', 'start_pos': -1, 'end_pos': -1, 'confidence': '', 'reason': ''}, {'text': '123 Main St', 'type': 'location', 'start_pos': -1, 'end_pos': -1, 'confidence': '', 'reason': ''}, {'text': 'New York City', 'type': 'location', 'start_pos': -1, 'end_pos': -1, 'confidence': '', 'reason': ''}, {'text': '(555) 123-4567', 'type': 'phone', 'start_pos': -1, 'end_pos': -1, 'confidence': '', 'reason': ''}, {'text': 'contact@privacy.com', 'type': 'email', 'start_pos': -1, 'end_pos': -1, 'confidence': '', 'reason': ''}, {'text': 'http://example.com', 'type': 'web_resource', 'start_pos': -1, 'end_pos': -1, 'confidence': '', 'reason': ''}, {'text': 'Anna', 'type': 'person', 'start_pos': -1, 'end_pos': -1, 'confidence': '', 'reason': ''}, {'text': 'John Doe', 'type': 'person', 'start_pos': -1, 'end_pos': -1, 'confidence': '', 'reason': ''}, {'text': '123 Main St', 'type': 'location', 'start_pos': -1, 'end_pos': -1, 'confidence': '', 'reason': ''}, {'text': 'New York City', 'type': 'location', 'start_pos': -1, 'end_pos': -1, 'confidence': '', 'reason': ''}, {'text': '(555) 123-4567', 'type': 'phone', 'start_pos': -1, 'end_pos': -1, 'confidence': '', 'reason': ''}, {'text': 'contact@privacy.com', 'type': 'email', 'start_pos': -1, 'end_pos': -1, 'confidence': '', 'reason': ''}, {'text': 'http://example.com', 'type': 'web_resource', 'start_pos': -1, 'end_pos': -1, 'confidence': '', 'reason': ''}]","[{'type': 'LOCATION', 'text': 'Beesonend Lane', 'start_pos': 542, 'end_pos': 556}]"
True,"[{'text': 'target123@darkmail.org', 'type': 'email', 'start_pos': -1, 'end_pos': -1, 'confidence': '', 'reason': ''}, {'text': 'john.doe@example.com', 'type': 'email', 'start_pos': -1, 'end_pos': -1, 'confidence': '', 'reason': ''}, {'text': '10.45.67.89', 'type': 'ip', 'start_pos': -1, 'end_pos': -1, 'confidence': '', 'reason': ''}, {'text': '2001:db8::1', 'type': 'ip', 'start_pos': -1, 'end_pos': -1, 'confidence': '', 'reason': ''}, {'text': 'Anna', 'type': 'person', 'start_pos': -1, 'end_pos': -1, 'confidence': '', 'reason': ''}, {'text': 'John Smith', 'type': 'person', 'start_pos': -1, 'end_pos': -1, 'confidence': '', 'reason': ''}, {'text': ""Catalina's"", 'type': 'person', 'start_pos': -1, 'end_pos': -1, 'confidence': '', 'reason': ''}, {'text': 'New York City', 'type': 'location', 'start_pos': -1, 'end_pos': -1, 'confidence': '', 'reason': ''}, {'text': 'Paris', 'type': 'location', 'start_pos': -1, 'end_pos': -1, 'confidence': '', 'reason': ''}, {'text': '10001', 'type': 'location', 'start_pos': -1, 'end_pos': -1, 'confidence': '', 'reason': ''}, {'text': 'Main Street', 'type': 'location', 'start_pos': -1, 'end_pos': -1, 'confidence': '', 'reason': ''}, {'text': '(555) 123-4567', 'type': 'phone', 'start_pos': -1, 'end_pos': -1, 'confidence': '', 'reason': ''}, {'text': '+49 123 4567890', 'type': 'phone', 'start_pos': -1, 'end_pos': -1, 'confidence': '', 'reason': ''}, {'text': 'user123', 'type': 'username', 'start_pos': -1, 'end_pos': -1, 'confidence': '', 'reason': ''}, {'text': 'admin', 'type': 'username', 'start_pos': -1, 'end_pos': -1, 'confidence': '', 'reason': ''}, {'text': 'test_user', 'type': 'username', 'start_pos': -1, 'end_pos': -1, 'confidence': '', 'reason': ''}, {'text': 'http://example.com', 'type': 'web_resource', 'start_pos': -1, 'end_pos': -1, 'confidence': '', 'reason': ''}, {'text': 'https://www.target.org:8080/path?query=param#anchor', 'type': 'web_resource', 'start_pos': -1, 'end_pos': -1, 'confidence': '', 'reason': ''}, {'text': 'United Kingdom', 'type': 'location', 'start_pos': 140, 'end_pos': 154, 'confidence': '', 'reason': ''}]",2498.7429660000003,deepseek-r1:14b,"
You are a cyber intelligence analyst with 20 years of experience in the the field.

Your task is to extract any entity from the input text.
The expected entity types are the following:

- EMAIL: email addresses format (user@domain.com)
- IP: IP addresses (IPv4 x.x.x.x or IPv6)
- PERSON: Human names (John Smith, John, Catalina) EXCLUDE initials (for example A.H.) 
- LOCATION: INCLUDE cities, countries, building numbers, streetnames, states, postal codes, and geographic locations ONLY physical locations EXCLUDE locations in time
- PHONE: phone numbers in any format
- USERNAME: unique identification names used for online platforms and accounts
- WEB_RESOURCE: URLs and web addresses

**Output**:
The output MUST be in a JSON object with key 'entities' and the value a list of dictionaries including every entity found. For each entity you MUST indicate the type in UPPERCASE.

**OUTPUT EXAMPLE**:
{
  ""entities"": [
    {""entity"": ""target123@darkmail.org"", ""type"": ""EMAIL""},
    {""entity"": ""10.45.67.89"", ""type"": ""IP""},
    {""entity"": ""Thompson"", ""type"": ""PERSON""},
    {""entity"": ""Helsinki"", ""type"": ""LOCATION""},
    {""entity"": ""Tim"", ""type"": ""PERSON""}
  ]
}

Return empty array if no entities found in the input text.
PAY ATTENTION to sentences that begin with entity type PERSON, for example Anna.
PAY ATTENTION to when the sentences begin with possesive forms of entity type PERSON, for example Catalina's
DO NOT include any entities from the example or the system prompt in your answer.
","
",44759,"<head>
    <title>Food and Drug Agreement</title>
</head>
<body>
    <h1>Agreement</h1>
    <p>This Agreement is made on 19/01/2051 in ENG, United Kingdom, between the following parties:</p>
    
    <h2>Party A:</h2>
    <ul>
        <li>NJ78624JM: 23:05</li>
    </ul>
    
    <h2>Party B:</h2>
    <ul>
        <li>DZ29786CJ: 5</li>
    </ul>
    
    <h2>Party C:</h2>
    <ul>
        <li>HH78678AS: 6:57pm</li>
    </ul>
    
    <h2>Party D:</h2>
    <ul>
        <li>QC08857DP: 5 PM</li>
    </ul>
    
    <h2>Party E:</h2>
    <ul>
        <li>NKB: 05</li>
    </ul>
    
    <h2>Party F:</h2>
    <ul>
        <li>UN99055TE: 4:56 PM</li>
    </ul>
    
    <h2>Party G:</h2>
    <ul>
        <li>SD08777ED: 4:45am</li>
    </ul>
    
    <p>This Agreement hereby sets forth the terms and conditions for the sale and distribution of products related to food and drug laws.</p>
</body>",0.0,0.0,0.0,0.0,19.0,1.0,"[{'type': 'LOCATION', 'text': 'ENG', 'start_pos': 135, 'end_pos': 138}]","[{'text': 'target123@darkmail.org', 'type': 'email', 'start_pos': -1, 'end_pos': -1, 'confidence': '', 'reason': ''}, {'text': 'john.doe@example.com', 'type': 'email', 'start_pos': -1, 'end_pos': -1, 'confidence': '', 'reason': ''}, {'text': '10.45.67.89', 'type': 'ip', 'start_pos': -1, 'end_pos': -1, 'confidence': '', 'reason': ''}, {'text': '2001:db8::1', 'type': 'ip', 'start_pos': -1, 'end_pos': -1, 'confidence': '', 'reason': ''}, {'text': 'Anna', 'type': 'person', 'start_pos': -1, 'end_pos': -1, 'confidence': '', 'reason': ''}, {'text': 'John Smith', 'type': 'person', 'start_pos': -1, 'end_pos': -1, 'confidence': '', 'reason': ''}, {'text': ""Catalina's"", 'type': 'person', 'start_pos': -1, 'end_pos': -1, 'confidence': '', 'reason': ''}, {'text': 'New York City', 'type': 'location', 'start_pos': -1, 'end_pos': -1, 'confidence': '', 'reason': ''}, {'text': 'Paris', 'type': 'location', 'start_pos': -1, 'end_pos': -1, 'confidence': '', 'reason': ''}, {'text': '10001', 'type': 'location', 'start_pos': -1, 'end_pos': -1, 'confidence': '', 'reason': ''}, {'text': 'Main Street', 'type': 'location', 'start_pos': -1, 'end_pos': -1, 'confidence': '', 'reason': ''}, {'text': '(555) 123-4567', 'type': 'phone', 'start_pos': -1, 'end_pos': -1, 'confidence': '', 'reason': ''}, {'text': '+49 123 4567890', 'type': 'phone', 'start_pos': -1, 'end_pos': -1, 'confidence': '', 'reason': ''}, {'text': 'user123', 'type': 'username', 'start_pos': -1, 'end_pos': -1, 'confidence': '', 'reason': ''}, {'text': 'admin', 'type': 'username', 'start_pos': -1, 'end_pos': -1, 'confidence': '', 'reason': ''}, {'text': 'test_user', 'type': 'username', 'start_pos': -1, 'end_pos': -1, 'confidence': '', 'reason': ''}, {'text': 'http://example.com', 'type': 'web_resource', 'start_pos': -1, 'end_pos': -1, 'confidence': '', 'reason': ''}, {'text': 'https://www.target.org:8080/path?query=param#anchor', 'type': 'web_resource', 'start_pos': -1, 'end_pos': -1, 'confidence': '', 'reason': ''}, {'text': 'United Kingdom', 'type': 'location', 'start_pos': 140, 'end_pos': 154, 'confidence': '', 'reason': ''}]","[{'type': 'LOCATION', 'text': 'ENG', 'start_pos': 135, 'end_pos': 138}]"
